,0
0,Bad Boys for Life (2020) [720p] [WEBRip] [YTS] [YIFY]
1,Venom (2018) [WEBRip] [720p] [YTS] [YIFY]
2,Black Panther (2018) [BluRay] [720p] [YTS] [YIFY]
3,Rampage (2018) [WEBRip] [720p] [YTS] [YIFY]
4,Mission: Impossible - Fallout (2018) [WEBRip] [720p] [YTS] [YIFY]
5,Incredibles 2 (2018) [WEBRip] [720p] [YTS] [YIFY]
6,Ant-Man and the Wasp (2018) [WEBRip] [720p] [YTS] [YIFY]
7,Ocean's Eight (2018) [WEBRip] [720p] [YTS] [YIFY]
8,Aladdin (2019) [WEBRip] [720p] [YTS] [YIFY]
9,Spider-Man: Far from Home (2019) [WEBRip] [720p] [YTS] [YIFY]
10,The Equalizer 2 (2018) [WEBRip] [720p] [YTS] [YIFY]
11,Alpha (2018) [WEBRip] [720p] [YTS] [YIFY]
12,Avengers: Infinity War (2018) [WEBRip] [720p] [YTS] [YIFY]
13,Johnny English Strikes Again (2018) [BluRay] [720p] [YTS] [YIFY]
14,Fast & Furious Presents: Hobbs & Shaw (2019) [WEBRip] [720p] [YTS...
15,Skyscraper (2018) [WEBRip] [720p] [YTS] [YIFY]
16,Bloodshot (2020) [720p] [WEBRip] [YTS] [YIFY]
17,The Lion King (2019) [BluRay] [720p] [YTS] [YIFY]
18,Dark Phoenix (2019) [BluRay] [720p] [YTS] [YIFY]
19,Hellboy (2019) [WEBRip] [720p] [YTS] [YIFY]
20,Extraction (2020) [720p] [WEBRip] [YTS] [YIFY]
21,6 Underground (2019) [WEBRip] [720p] [YTS] [YIFY]
22,Alita: Battle Angel (2019) [WEBRip] [720p] [YTS] [YIFY]
23,Spider-Man: Into the Spider-Verse (2018) [WEBRip] [720p] [YTS] [Y...
24,Sicario: Day of the Soldado (2018) [WEBRip] [720p] [YTS] [YIFY]
25,Deadpool 2 (2018) [BluRay] [720p] [YTS] [YIFY]
26,Aquaman (2018) [WEBRip] [720p] [YTS] [YIFY]
27,Avengers: Endgame (2019) [WEBRip] [720p] [YTS] [YIFY]
28,Ready Player One (2018) [WEBRip] [720p] [YTS] [YIFY]
29,Avengers: Infinity War (2018) [BluRay] [720p] [YTS] [YIFY]
30,Bohemian Rhapsody (2018) [WEBRip] [720p] [YTS] [YIFY]
31,Zombieland: Double Tap (2019) [BluRay] [720p] [YTS] [YIFY]
32,The Meg (2018) [WEBRip] [720p] [YTS] [YIFY]
33,Pacific Rim: Uprising (2018) [WEBRip] [720p] [YTS] [YIFY]
34,Tag (2018) [BluRay] [720p] [YTS] [YIFY]
35,Gemini Man (2019) [WEBRip] [720p] [YTS] [YIFY]
36,The Invisible Man (2020) [720p] [WEBRip] [YTS] [YIFY]
37,Underwater (2020) [720p] [BluRay] [YTS] [YIFY]
38,Tomb Raider (2018) [WEBRip] [720p] [YTS] [YIFY]
39,Creed II (2018) [WEBRip] [720p] [YTS] [YIFY]
40,Solo: A Star Wars Story (2018) [BluRay] [720p] [YTS] [YIFY]
41,Mile 22 (2018) [WEBRip] [720p] [YTS] [YIFY]
42,Sonic the Hedgehog (2020) [720p] [WEBRip] [YTS] [YIFY]
43,Godzilla: King of the Monsters (2019) [WEBRip] [720p] [YTS] [YIFY...
44,Game Night (2018) [BluRay] [720p] [YTS] [YIFY]
45,A Simple Favor (2018) [BluRay] [720p] [YTS] [YIFY]
46,The Nun (2018) [WEBRip] [720p] [YTS] [YIFY]
47,Fantasy Island (2020) [720p] [WEBRip] [YTS] [YIFY]
48,Jurassic World: Fallen Kingdom (2018) [WEBRip] [720p] [YTS] [YIFY...
49,The Predator (2018) [WEBRip] [720p] [YTS] [YIFY]
50,Ip Man 4: The Finale (2019) [720p] [BluRay] [YTS] [YIFY]
51,The Call of the Wild (2020) [720p] [WEBRip] [YTS] [YIFY]
52,Jumanji: The Next Level (2019) [720p] [WEBRip] [YTS] [YIFY]
53,John Wick: Chapter 3 - Parabellum (2019) [WEBRip] [720p] [YTS] [Y...
54,Captain Marvel (2019) English [BluRay] [720p] [YTS] [YIFY]
55,Escape Room (2019) [WEBRip] [720p] [YTS] [YIFY]
56,Ralph Breaks the Internet (2018) [WEBRip] [720p] [YTS] [YIFY]
57,Spies in Disguise (2019) [720p] [BluRay] [YTS] [YIFY]
58,Smallfoot (2018) [BluRay] [720p] [YTS] [YIFY]
59,It Chapter Two (2019) [WEBRip] [720p] [YTS] [YIFY]
60,Onward (2020) [720p] [WEBRip] [YTS] [YIFY]
61,How to Train Your Dragon: The Hidden World (2019) [WEBRip] [720p]...
62,Escape Plan: The Extractors (2019) [BluRay] [720p] [YTS] [YIFY]
63,Angel Has Fallen (2019) [WEBRip] [720p] [YTS] [YIFY]
64,Deadpool 2 (2018) [WEBRip] [720p] [YTS] [YIFY]
65,Joker (2019) [BluRay] [720p] [YTS] [YIFY]
66,Hotel Transylvania 3: Summer Vacation (2018) [BluRay] [720p] [YTS...
67,The Gentlemen (2019) [720p] [WEBRip] [YTS] [YIFY]
68,Rambo: Last Blood (2019) [BluRay] [720p] [YTS] [YIFY]
69,Black and Blue (2019) [WEBRip] [720p] [YTS] [YIFY]
70,The House with a Clock in Its Walls (2018) [WEBRip] [720p] [YTS] ...
71,A Star Is Born (2018) [WEBRip] [720p] [YTS] [YIFY]
72,1917 (2019) [720p] [WEBRip] [YTS] [YIFY]
73,Avengers: Endgame (2019) [BluRay] [720p] [YTS] [YIFY]
74,Dumbo (2019) [BluRay] [720p] [YTS] [YIFY]
75,The Irishman (2019) [WEBRip] [720p] [YTS] [YIFY]
76,Captive State (2019) [BluRay] [720p] [YTS] [YIFY]
77,Long Shot (2019) [WEBRip] [720p] [YTS] [YIFY]
78,Robin Hood (2018) [WEBRip] [720p] [YTS] [YIFY]
79,Ant-Man and the Wasp (2018) [BluRay] [720p] [YTS] [YIFY]
80,The Addams Family (2019) [WEBRip] [720p] [YTS] [YIFY]
81,Game Night (2018) [WEBRip] [720p] [YTS] [YIFY]
82,Tomb Raider (2018) [BluRay] [720p] [YTS] [YIFY]
83,Countdown (2019) [BluRay] [720p] [YTS] [YIFY]
84,Charlie's Angels (2019) [720p] [WEBRip] [YTS] [YIFY]
85,Maleficent: Mistress of Evil (2019) [WEBRip] [720p] [YTS] [YIFY]
86,Dolittle (2020) [720p] [WEBRip] [YTS] [YIFY]
87,Mary Poppins Returns (2018) [BluRay] [720p] [YTS] [YIFY]
88,Glass (2019) [WEBRip] [720p] [YTS] [YIFY]
89,Frozen II (2019) [720p] [WEBRip] [YTS] [YIFY]
90,Project Power (2020) [720p] [WEBRip] [YTS] [YIFY]
91,The Secret Life of Pets 2 (2019) [WEBRip] [720p] [YTS] [YIFY]
92,Fifty Shades Freed (2018) [BluRay] [720p] [YTS] [YIFY]
93,Hereditary (2018) [WEBRip] [720p] [YTS] [YIFY]
94,Bumblebee (2018) [BluRay] [720p] [YTS] [YIFY]
95,Terminator: Dark Fate (2019) [BluRay] [720p] [YTS] [YIFY]
96,Papillon (2017) [WEBRip] [720p] [YTS] [YIFY]
97,The Spy Who Dumped Me (2018) [BluRay] [720p] [YTS] [YIFY]
98,The Spy Who Dumped Me (2018) [WEBRip] [720p] [YTS] [YIFY]
99,Jurassic World: Fallen Kingdom (2018) [BluRay] [720p] [YTS] [YIFY...
100,Venom (2018) [BluRay] [720p] [YTS] [YIFY]
101,Glass (2019) [BluRay] [720p] [YTS] [YIFY]
102,Den of Thieves (2018) [WEBRip] [720p] [YTS] [YIFY]
103,Crazy Rich Asians (2018) [WEBRip] [720p] [YTS] [YIFY]
104,Frozen II (2019) [720p] [BluRay] [YTS] [YIFY]
105,Maze Runner: The Death Cure (2018) [BluRay] [720p] [YTS] [YIFY]
106,Bumblebee (2018) [WEBRip] [720p] [YTS] [YIFY]
107,The Outpost (2020) [720p] [WEBRip] [YTS] [YIFY]
108,Overboard (2018) [WEBRip] [720p] [YTS] [YIFY]
109,Hunter Killer (2018) [WEBRip] [720p] [YTS] [YIFY]
110,A-X-L (2018) [WEBRip] [720p] [YTS] [YIFY]
111,The Grinch (2018) [WEBRip] [720p] [YTS] [YIFY]
112,Godzilla: King of the Monsters (2019) [BluRay] [720p] [YTS] [YIFY...
113,My Spy (2020) [720p] [BluRay] [YTS] [YIFY]
114,Once Upon a Time ... in Hollywood (2019) [BluRay] [720p] [YTS] [Y...
115,Men in Black: International (2019) [BluRay] [720p] [YTS] [YIFY]
116,Jumanji: The Next Level (2019) [720p] [BluRay] [YTS] [YIFY]
117,Joker (2019) [WEBRip] [720p] [YTS] [YIFY]
118,I Still Believe (2020) [720p] [WEBRip] [YTS] [YIFY]
119,Triple Frontier (2019) [WEBRip] [720p] [YTS] [YIFY]
120,Ocean's Eight (2018) [BluRay] [720p] [YTS] [YIFY]
121,Triple Threat (2019) [WEBRip] [720p] [YTS] [YIFY]
122,Angel Has Fallen (2019) [BluRay] [720p] [YTS] [YIFY]
123,Knives Out (2019) [720p] [WEBRip] [YTS] [YIFY]
124,1917 (2019) [720p] [BluRay] [YTS] [YIFY]
125,Peter Rabbit (2018) [BluRay] [720p] [YTS] [YIFY]
126,Code 8 (2019) [WEBRip] [720p] [YTS] [YIFY]
127,Isn't It Romantic (2019) [WEBRip] [720p] [YTS] [YIFY]
128,The Lego Movie 2: The Second Part (2019) [WEBRip] [720p] [YTS] [Y...
129,Hotel Transylvania 3: Summer Vacation (2018) [WEBRip] [720p] [YTS...
130,21 Bridges (2019) [720p] [WEBRip] [YTS] [YIFY]
131,The Commuter (2018) [WEBRip] [720p] [YTS] [YIFY]
132,Jexi (2019) [WEBRip] [720p] [YTS] [YIFY]
133,The Aeronauts (2019) [WEBRip] [720p] [YTS] [YIFY]
134,Hotel Artemis (2018) [BluRay] [720p] [YTS] [YIFY]
135,Mission: Impossible - Fallout (2018) [BluRay] [720p] [YTS] [YIFY]
136,Death Wish (2018) [WEBRip] [720p] [YTS] [YIFY]
137,The Titan (2018) [WEBRip] [720p] [YTS] [YIFY]
138,Incredibles 2 (2018) [BluRay] [720p] [YTS] [YIFY]
139,How It Ends (2018) [WEBRip] [720p] [YTS] [YIFY]
140,Peppermint (2018) [WEBRip] [720p] [YTS] [YIFY]
141,The Gentlemen (2019) [720p] [BluRay] [YTS] [YIFY]
142,Spider-Man: Far from Home (2019) [BluRay] [720p] [YTS] [YIFY]
143,Greyhound (2020) [720p] [WEBRip] [YTS] [YIFY]
144,Mamma Mia! Here We Go Again (2018) [WEBRip] [720p] [YTS] [YIFY]
145,Midnight Sun (2018) [BluRay] [720p] [YTS] [YIFY]
146,Hustlers (2019) [WEBRip] [720p] [YTS] [YIFY]
147,BlacKkKlansman (2018) [WEBRip] [720p] [YTS] [YIFY]
148,Adrift (2018) [WEBRip] [720p] [YTS] [YIFY]
149,Ford v Ferrari (2019) [720p] [BluRay] [YTS] [YIFY]
150,A Wrinkle in Time (2018) [BluRay] [720p] [YTS] [YIFY]
151,The Grudge (2020) [720p] [WEBRip] [YTS] [YIFY]
152,Mamma Mia! Here We Go Again (2018) [BluRay] [720p] [YTS] [YIFY]
153,Mile 22 (2018) [BluRay] [720p] [YTS] [YIFY]
154,Pok√©mon Detective Pikachu (2019) [BluRay] [720p] [YTS] [YIFY]
155,Next Gen (2018) [WEBRip] [720p] [YTS] [YIFY]
156,Night School (2018) [WEBRip] [720p] [YTS] [YIFY]
157,The Little Mermaid (2018) [WEBRip] [720p] [YTS] [YIFY]
158,Reprisal (2018) [WEBRip] [720p] [YTS] [YIFY]
159,Abominable (2019) [WEBRip] [720p] [YTS] [YIFY]
160,Shaft (2019) [WEBRip] [720p] [YTS] [YIFY]
161,The First Purge (2018) [BluRay] [720p] [YTS] [YIFY]
162,Extinction (2018) [WEBRip] [720p] [YTS] [YIFY]
163,Ready or Not (2019) [BluRay] [720p] [YTS] [YIFY]
164,Stolen princess: Ruslan and Ludmila (2018) [WEBRip] [720p] [YTS] ...
165,Ad Astra (2019) [BluRay] [720p] [YTS] [YIFY]
166,211 (2018) [WEBRip] [720p] [YTS] [YIFY]
167,Cold Pursuit (2019) [BluRay] [720p] [YTS] [YIFY]
168,Five Feet Apart (2019) [WEBRip] [720p] [YTS] [YIFY]
169,Dolittle (2020) [720p] [BluRay] [YTS] [YIFY]
170,Dora and the Lost City of Gold (2019) [WEBRip] [720p] [YTS] [YIFY...
171,Murder Mystery (2019) [WEBRip] [720p] [YTS] [YIFY]
172,Sherlock Gnomes (2018) [BluRay] [720p] [YTS] [YIFY]
173,The Darkest Minds (2018) [WEBRip] [720p] [YTS] [YIFY]
174,Braven (2018) [BluRay] [720p] [YTS] [YIFY]
175,The Highwaymen (2019) [WEBRip] [720p] [YTS] [YIFY]
176,What Happened to Monday (2017) [BluRay] [720p] [YTS] [YIFY]
177,The Kid Who Would Be King (2019) [WEBRip] [720p] [YTS] [YIFY]
178,The Meg (2018) [BluRay] [720p] [YTS] [YIFY]
179,Hotel Mumbai (2018) [WEBRip] [720p] [YTS] [YIFY]
180,Alpha (2018) [BluRay] [720p] [YTS] [YIFY]
181,Star Wars: Episode IX - The Rise of Skywalker (2019) [720p] [BluR...
182,Den of Thieves (2018) [BluRay] [720p] [YTS] [YIFY]
183,The Queen's Corgi (2019) [BluRay] [720p] [YTS] [YIFY]
184,Star Wars: The Rise Of Skywalker (2019) [720p] [WEBRip] [YTS] [YI...
185,Crawl (2019) [WEBRip] [720p] [YTS] [YIFY]
186,I Feel Pretty (2018) [WEBRip] [720p] [YTS] [YIFY]
187,Hereditary (2018) [BluRay] [720p] [YTS] [YIFY]
188,Robin Hood (2018) [BluRay] [720p] [YTS] [YIFY]
189,Super Troopers 2 (2018) [BluRay] [720p] [YTS] [YIFY]
190,What Men Want (2019) [WEBRip] [720p] [YTS] [YIFY]
191,Fifty Shades Freed (2018) [WEBRip] [720p] [YTS] [YIFY]
192,Life of the Party (2018) [WEBRip] [720p] [YTS] [YIFY]
193,Aquaman (2018) [BluRay] [720p] [YTS] [YIFY]
194,Jungle Beat: The Movie (2020) [720p] [WEBRip] [YTS] [YIFY]
195,Dora and the Lost City of Gold (2019) [BluRay] [720p] [YTS] [YIFY...
196,The Girl in the Spider's Web (2018) [WEBRip] [720p] [YTS] [YIFY]
197,Duck Duck Goose (2018) [BluRay] [720p] [YTS] [YIFY]
198,Little Women (2019) [720p] [BluRay] [YTS] [YIFY]
199,Outlaw King (2018) [WEBRip] [720p] [YTS] [YIFY]
200,Searching (2018) [WEBRip] [720p] [YTS] [YIFY]
201,The Hustle (2019) [WEBRip] [720p] [YTS] [YIFY]
202,The Angry Birds Movie 2 (2019) [WEBRip] [720p] [YTS] [YIFY]
203,The Grinch (2018) [BluRay] [720p] [YTS] [YIFY]
204,Charlie's Angels (2019) [720p] [BluRay] [YTS] [YIFY]
205,Reign of the Supermen (2019) [WEBRip] [720p] [YTS] [YIFY]
206,Scary Stories to Tell in the Dark (2019) [WEBRip] [720p] [YTS] [Y...
207,Once Upon a Time ... in Hollywood (2019) [WEBRip] [720p] [YTS] [Y...
208,A Quiet Place (2018) [WEBRip] [720p] [YTS] [YIFY]
209,Widows (2018) [WEBRip] [720p] [YTS] [YIFY]
210,Bohemian Rhapsody (2018) [BluRay] [720p] [YTS] [YIFY]
211,Rampage (2018) [BluRay] [720p] [YTS] [YIFY]
212,Togo (2019) [WEBRip] [720p] [YTS] [YIFY]
213,Spenser Confidential (2020) [720p] [WEBRip] [YTS] [YIFY]
214,Gretel & Hansel (2020) [720p] [BluRay] [YTS] [YIFY]
215,The Vanishing (2018) [WEBRip] [720p] [YTS] [YIFY]
216,Palm Springs (2020) [720p] [WEBRip] [YTS] [YIFY]
217,The Kissing Booth 2 (2020) [720p] [WEBRip] [YTS] [YIFY]
218,Fighting with My Family (2019) [WEBRip] [720p] [YTS] [YIFY]
219,The Silencing (2020) [720p] [WEBRip] [YTS] [YIFY]
220,Ready Player One (2018) [BluRay] [720p] [YTS] [YIFY]
221,Truth or Dare (2018) [WEBRip] [720p] [YTS] [YIFY]
222,12 Strong (2018) [WEBRip] [720p] [YTS] [YIFY]
223,Midway (2019) [720p] [WEBRip] [YTS] [YIFY]
224,Skyscraper (2018) [BluRay] [720p] [YTS] [YIFY]
225,Blockers (2018) [WEBRip] [720p] [YTS] [YIFY]
226,Upgrade (2018) [BluRay] [720p] [YTS] [YIFY]
227,Gemini Man (2019) [BluRay] [720p] [YTS] [YIFY]
228,Kin (2018) [WEBRip] [720p] [YTS] [YIFY]
229,Doctor Sleep (2019) [720p] [BluRay] [YTS] [YIFY]
230,A Quiet Place (2018) [BluRay] [720p] [YTS] [YIFY]
231,Primal (2019) [WEBRip] [720p] [YTS] [YIFY]
232,Replicas (2018) [WEBRip] [720p] [YTS] [YIFY]
233,King of Thieves (2018) [WEBRip] [720p] [YTS] [YIFY]
234,Wonder Park (2019) [WEBRip] [720p] [YTS] [YIFY]
235,Ralph Breaks the Internet (2018) [BluRay] [720p] [YTS] [YIFY]
236,Sicario: Day of the Soldado (2018) [BluRay] [720p] [YTS] [YIFY]
237,The Old Man & the Gun (2018) [WEBRip] [720p] [YTS] [YIFY]
238,Aladdin (2019) [BluRay] [720p] [YTS] [YIFY]
239,Mortal Kombat Legends: Scorpions Revenge (2020) [720p] [WEBRip] [...
240,Parasite (2019) [BluRay] [720p] [YTS] [YIFY]
241,Dragon Ball Super: Broly (2018) [WEBRip] [720p] [YTS] [YIFY]
242,Danger Close (2019) [WEBRip] [720p] [YTS] [YIFY]
243,The Rhythm Section (2020) [720p] [WEBRip] [YTS] [YIFY]
244,Instant Family (2018) [WEBRip] [720p] [YTS] [YIFY]
245,Contagion (2011) [720p] [BluRay] [YTS] [YIFY]
246,Jumanji: Welcome to the Jungle (2017) [BluRay] [720p] [YTS] [YIFY...
247,Tully (2018) [BluRay] [720p] [YTS] [YIFY]
248,A Dog's Journey (2019) [WEBRip] [720p] [YTS] [YIFY]
249,Just Mercy (2019) [720p] [WEBRip] [YTS] [YIFY]
250,The Equalizer 2 (2018) [BluRay] [720p] [YTS] [YIFY]
251,Terminal (2018) [WEBRip] [720p] [YTS] [YIFY]
252,Jojo Rabbit (2019) [720p] [WEBRip] [YTS] [YIFY]
253,Bilal: A New Breed of Hero (2015) [WEBRip] [720p] [YTS] [YIFY]
254,The Kissing Booth (2018) [WEBRip] [720p] [YTS] [YIFY]
255,The Week Of (2018) [WEBRip] [720p] [YTS] [YIFY]
256,Avengement (2019) [WEBRip] [720p] [YTS] [YIFY]
257,Creed II (2018) [BluRay] [720p] [YTS] [YIFY]
258,Siberia (2018) [WEBRip] [720p] [YTS] [YIFY]
259,Bleeding Steel (2017) [BluRay] [720p] [YTS] [YIFY]
260,Green Book (2018) [WEBRip] [720p] [YTS] [YIFY]
261,Big Legend (2018) [WEBRip] [720p] [YTS] [YIFY]
262,The Informer (2019) [WEBRip] [720p] [YTS] [YIFY]
263,In the Shadow of the Moon (2019) [WEBRip] [720p] [YTS] [YIFY]
264,Blockers (2018) [BluRay] [720p] [YTS] [YIFY]
265,Hamilton (2020) [720p] [WEBRip] [YTS] [YIFY]
266,Bird Box (2018) [WEBRip] [720p] [YTS] [YIFY]
267,Mortal Engines (2018) [BluRay] [720p] [YTS] [YIFY]
268,The Christmas Chronicles (2018) [WEBRip] [720p] [YTS] [YIFY]
269,The Mule (2018) [BluRay] [720p] [YTS] [YIFY]
270,Scoob! (2020) [720p] [WEBRip] [YTS] [YIFY]
271,The Nun (2018) [BluRay] [720p] [YTS] [YIFY]
272,Magic Camp (2020) [720p] [WEBRip] [YTS] [YIFY]
273,Artemis Fowl (2020) [720p] [WEBRip] [YTS] [YIFY]
274,SuperFly (2018) [WEBRip] [720p] [YTS] [YIFY]
275,The Nutcracker and the Four Realms (2018) [BluRay] [720p] [YTS] [...
276,The Princess Switch (2018) [WEBRip] [720p] [YTS] [YIFY]
277,Escape Room (2019) [BluRay] [720p] [YTS] [YIFY]
278,Anon (2018) [WEBRip] [720p] [YTS] [YIFY]
279,Slender Man (2018) [BluRay] [720p] [YTS] [YIFY]
280,River Runs Red (2018) [WEBRip] [720p] [YTS] [YIFY]
281,Widows (2018) [BluRay] [720p] [YTS] [YIFY]
282,Black 47 (2018) [WEBRip] [720p] [YTS] [YIFY]
283,How to Train Your Dragon: The Hidden World (2019) [BluRay] [720p]...
284,I Am Mother (2019) [WEBRip] [720p] [YTS] [YIFY]
285,Motherless Brooklyn (2019) [WEBRip] [720p] [YTS] [YIFY]
286,Gringo (2018) [WEBRip] [720p] [YTS] [YIFY]
287,10 Minutes Gone (2019) [WEBRip] [720p] [YTS] [YIFY]
288,Ma (2019) [WEBRip] [720p] [YTS] [YIFY]
289,A Star Is Born (2018) [BluRay] [720p] [YTS] [YIFY]
290,Emma. (2020) [720p] [WEBRip] [YTS] [YIFY]
291,Playing with Fire (2019) [720p] [BluRay] [YTS] [YIFY]
292,The Hunt (2020) [720p] [BluRay] [YTS] [YIFY]
293,Little Italy (2018) [WEBRip] [720p] [YTS] [YIFY]
294,Overlord (2018) [BluRay] [720p] [YTS] [YIFY]
295,Dark Waters (2019) [720p] [WEBRip] [YTS] [YIFY]
296,Guns Akimbo (2019) [720p] [WEBRip] [YTS] [YIFY]
297,Child's Play (2019) [BluRay] [720p] [YTS] [YIFY]
298,Lying and Stealing (2019) [WEBRip] [720p] [YTS] [YIFY]
299,Coco (2017) [720p] [YTS] [YIFY]
300,Lady and the Tramp (2019) [WEBRip] [720p] [YTS] [YIFY]
301,The Photograph (2020) [720p] [WEBRip] [YTS] [YIFY]
302,The Death of Superman (2018) [WEBRip] [720p] [YTS] [YIFY]
303,Bleach (2018) [WEBRip] [720p] [YTS] [YIFY]
304,The Witch in the Window (2018) [WEBRip] [720p] [YTS] [YIFY]
305,Fast & Furious Presents: Hobbs & Shaw (2019) [BluRay] [720p] [YTS...
306,The Guilty (2018) [BluRay] [720p] [YTS] [YIFY]
307,Deathstroke: Knights & Dragons (2020) [720p] [WEBRip] [YTS] [YIFY...
308,The Hurricane Heist (2018) [BluRay] [720p] [YTS] [YIFY]
309,The Courier (2019) [WEBRip] [720p] [YTS] [YIFY]
310,Samson (2018) [BluRay] [720p] [YTS] [YIFY]
311,Sniper: Assassin's End (2020) [720p] [BluRay] [YTS] [YIFY]
312,The Flood (2019) [WEBRip] [720p] [YTS] [YIFY]
313,Debt Collectors (2020) [720p] [WEBRip] [YTS] [YIFY]
314,A Score to Settle (2019) [WEBRip] [720p] [YTS] [YIFY]
315,Astro Kid (2019) [BluRay] [720p] [YTS] [YIFY]
316,Jexi (2019) [BluRay] [720p] [YTS] [YIFY]
317,47 Meters Down: Uncaged (2019) [WEBRip] [720p] [YTS] [YIFY]
318,Parmanu: The Story of Pokhran (2018) [BluRay] [720p] [YTS] [YIFY]
319,Master Z: Ip Man Legacy (2018) [BluRay] [720p] [YTS] [YIFY]
320,Overboard (2018) [BluRay] [720p] [YTS] [YIFY]
321,Final Score (2018) [WEBRip] [720p] [YTS] [YIFY]
322,Serenity (2019) [BluRay] [720p] [YTS] [YIFY]
323,Star Wars: The Last Jedi (2017) [BluRay] [720p] [YTS] [YIFY]
324,Hold the Dark (2018) [WEBRip] [720p] [YTS] [YIFY]
325,The Perfect Date (2019) [WEBRip] [720p] [YTS] [YIFY]
326,The Addams Family (2019) [BluRay] [720p] [YTS] [YIFY]
327,Fantasy Island (2020) [720p] [BluRay] [YTS] [YIFY]
328,After (2019) [WEBRip] [720p] [YTS] [YIFY]
329,Doom: Annihilation (2019) [BluRay] [720p] [YTS] [YIFY]
330,Set It Up (2018) [WEBRip] [720p] [YTS] [YIFY]
331,The Bombing (2018) [WEBRip] [720p] [YTS] [YIFY]
332,Guardians of the Galaxy Vol. 2 (2017) [720p] [YTS] [YIFY]
333,Fahrenheit 451 (2018) [WEBRip] [720p] [YTS] [YIFY]
334,The Possession of Hannah Grace (2018) [BluRay] [720p] [YTS] [YIFY...
335,Cold Blood (2019) [WEBRip] [720p] [YTS] [YIFY]
336,The Post (2017) [BluRay] [720p] [YTS] [YIFY]
337,Teen Titans Go! To the Movies (2018) [WEBRip] [720p] [YTS] [YIFY]
338,Bombshell (2019) [720p] [BluRay] [YTS] [YIFY]
339,Close (2019) [WEBRip] [720p] [YTS] [YIFY]
340,Knives Out (2019) [720p] [BluRay] [YTS] [YIFY]
341,The Last Days of American Crime (2020) [720p] [WEBRip] [YTS] [YIF...
342,The Domestics (2018) [WEBRip] [720p] [YTS] [YIFY]
343,Speed Kills (2018) [WEBRip] [720p] [YTS] [YIFY]
344,Mary Magdalene (2018) [BluRay] [720p] [YTS] [YIFY]
345,The Scorpion King: Book of Souls (2018) [WEBRip] [720p] [YTS] [YI...
346,Tolkien (2019) [WEBRip] [720p] [YTS] [YIFY]
347,Cosmos (2019) [WEBRip] [720p] [YTS] [YIFY]
348,Batman Ninja (2018) [BluRay] [720p] [YTS] [YIFY]
349,2036 Origin Unknown (2018) [WEBRip] [720p] [YTS] [YIFY]
350,Missing Link (2019) [WEBRip] [720p] [YTS] [YIFY]
351,Playing with Fire (2019) [720p] [WEBRip] [YTS] [YIFY]
352,Point Blank (2019) [WEBRip] [720p] [YTS] [YIFY]
353,Escape from Pretoria (2020) [720p] [WEBRip] [YTS] [YIFY]
354,5th Passenger (2018) [WEBRip] [720p] [YTS] [YIFY]
355,Downhill (2020) [720p] [WEBRip] [YTS] [YIFY]
356,The Messenger (2019) [BluRay] [720p] [YTS] [YIFY]
357,John Wick: Chapter 3 - Parabellum (2019) [BluRay] [720p] [YTS] [Y...
358,A Prayer Before Dawn (2017) [WEBRip] [720p] [YTS] [YIFY]
359,Operation Red Sea (2018) [BluRay] [720p] [YTS] [YIFY]
360,Isle of Dogs (2018) [WEBRip] [720p] [YTS] [YIFY]
361,Last Christmas (2019) [720p] [BluRay] [YTS] [YIFY]
362,Deep Blue Sea 3 (2020) [720p] [WEBRip] [YTS] [YIFY]
363,Death Wish (2018) [BluRay] [720p] [YTS] [YIFY]
364,Betrayed (2018) [WEBRip] [720p] [YTS] [YIFY]
365,Acrimony (2018) [WEBRip] [720p] [YTS] [YIFY]
366,Occupation (2018) [WEBRip] [720p] [YTS] [YIFY]
367,Two Tails (2018) [WEBRip] [720p] [YTS] [YIFY]
368,Second Act (2018) [WEBRip] [720p] [YTS] [YIFY]
369,Halloween (2018) [WEBRip] [720p] [YTS] [YIFY]
370,Kingsman: The Golden Circle (2017) [720p] [YTS] [YIFY]
371,The Quake (2018) [WEBRip] [720p] [YTS] [YIFY]
372,Hotel Mumbai (2018) [BluRay] [720p] [YTS] [YIFY]
373,Billionaire Boys Club (2018) [WEBRip] [720p] [YTS] [YIFY]
374,Hollow Point (2019) [WEBRip] [720p] [YTS] [YIFY]
375,Falling Inn Love (2019) [WEBRip] [720p] [YTS] [YIFY]
376,Uri: The Surgical Strike (2019) [WEBRip] [720p] [YTS] [YIFY]
377,The Angry Birds Movie 2 (2019) [BluRay] [720p] [YTS] [YIFY]
378,The Isle (2019) [WEBRip] [720p] [YTS] [YIFY]
379,Dark Waters (2019) [BluRay] [720p] [YTS] [YIFY]
380,Spider-Man: Into the Spider-Verse (2018) [BluRay] [720p] [YTS] [Y...
381,Iron Sky: The Coming Race (2019) [WEBRip] [720p] [YTS] [YIFY]
382,Stuber (2019) [BluRay] [720p] [YTS] [YIFY]
383,Mary Queen of Scots (2018) [BluRay] [720p] [YTS] [YIFY]
384,The Hunt (2020) [720p] [WEBRip] [YTS] [YIFY]
385,Yesterday (2019) [BluRay] [720p] [YTS] [YIFY]
386,Uncut Gems (2019) [BluRay] [720p] [YTS] [YIFY]
387,Pacific Rim: Uprising (2018) [BluRay] [720p] [YTS] [YIFY]
388,One Piece: Stampede (2019) [720p] [BluRay] [YTS] [YIFY]
389,Noelle (2019) [WEBRip] [720p] [YTS] [YIFY]
390,Polar (2019) [WEBRip] [720p] [YTS] [YIFY]
391,Annihilation (2018) [WEBRip] [720p] [YTS] [YIFY]
392,It Chapter Two (2019) [BluRay] [720p] [YTS] [YIFY]
393,The Rhythm Section (2020) [720p] [BluRay] [YTS] [YIFY]
394,The Last Full Measure (2019) [WEBRip] [720p] [YTS] [YIFY]
395,Suicide Squad: Hell to Pay (2018) [BluRay] [720p] [YTS] [YIFY]
396,Uncut Gems (2019) [720p] [BluRay] [YTS] [YIFY]
397,Disobedience (2017) [BluRay] [720p] [YTS] [YIFY]
398,Every Day (2018) [BluRay] [720p] [YTS] [YIFY]
399,Daughter of the Wolf (2019) [WEBRip] [720p] [YTS] [YIFY]
400,The Willoughbys (2020) [720p] [WEBRip] [YTS] [YIFY]
401,Renegades (2017) [BluRay] [720p] [YTS] [YIFY]
402,Acts of Violence (2018) [BluRay] [720p] [YTS] [YIFY]
403,The Prodigy (2019) [WEBRip] [720p] [YTS] [YIFY]
404,Pet Sematary (2019) [BluRay] [720p] [YTS] [YIFY]
405,"Paul, Apostle of Christ (2018) [BluRay] [720p] [YTS] [YIFY]"
406,Revenge (2017) [WEBRip] [720p] [YTS] [YIFY]
407,The Death and Return of Superman (2019) [WEBRip] [720p] [YTS] [YI...
408,Enter the Fat Dragon (2020) [720p] [BluRay] [YTS] [YIFY]
409,The House That Jack Built (2018) [WEBRip] [720p] [YTS] [YIFY]
410,Baywatch (2017) [720p] [YTS] [YIFY]
411,Sierra Burgess Is a Loser (2018) [WEBRip] [720p] [YTS] [YIFY]
412,The Secret Life of Pets 2 (2019) [BluRay] [720p] [YTS] [YIFY]
413,Kill Chain (2019) [WEBRip] [720p] [YTS] [YIFY]
414,IO (2019) [WEBRip] [720p] [YTS] [YIFY]
415,Unfriended: Dark Web (2018) [WEBRip] [720p] [YTS] [YIFY]
416,Wonder Woman: Bloodlines (2019) [WEBRip] [720p] [YTS] [YIFY]
417,Marriage Story (2019) [WEBRip] [720p] [YTS] [YIFY]
418,Escape from Pretoria (2020) [720p] [BluRay] [YTS] [YIFY]
419,I Can Only Imagine (2018) [BluRay] [720p] [YTS] [YIFY]
420,End of the World (2018) [BluRay] [720p] [YTS] [YIFY]
421,I'll Take Your Dead (2018) [WEBRip] [720p] [YTS] [YIFY]
422,Patient Zero (2018) [WEBRip] [720p] [YTS] [YIFY]
423,Asterix: The Secret of the Magic Potion (2018) [BluRay] [720p] [Y...
424,The Clovehitch Killer (2018) [WEBRip] [720p] [YTS] [YIFY]
425,Once Upon a Time in London (2019) [WEBRip] [720p] [YTS] [YIFY]
426,The Witch: Part 1 - The Subversion (2018) [BluRay] [720p] [YTS] [...
427,Night School (2018) [BluRay] [720p] [YTS] [YIFY]
428,The Sisters Brothers (2018) [WEBRip] [720p] [YTS] [YIFY]
429,A Nice Girl Like You (2020) [720p] [WEBRip] [YTS] [YIFY]
430,The Hustle (2019) [BluRay] [720p] [YTS] [YIFY]
431,Invasion Planet Earth (2019) [WEBRip] [720p] [YTS] [YIFY]
432,Breaking In (2018) [WEBRip] [720p] [YTS] [YIFY]
433,Survive the Night (2020) [720p] [WEBRip] [YTS] [YIFY]
434,Survival Box (2019) [WEBRip] [720p] [YTS] [YIFY]
435,The Con Is On (2018) [WEBRip] [720p] [YTS] [YIFY]
436,City of Lies (2018) [BluRay] [720p] [YTS] [YIFY]
437,T-34 (2018) [WEBRip] [720p] [YTS] [YIFY]
438,Maya the Bee: The Honey Games (2018) [WEBRip] [720p] [YTS] [YIFY]
439,The Tax Collector (2020) [720p] [WEBRip] [YTS] [YIFY]
440,Jumanji: Welcome to the Jungle (2017) [WEBRip] [720p] [YTS] [YIFY...
441,Loophole (2019) [WEBRip] [720p] [YTS] [YIFY]
442,Booksmart (2019) [WEBRip] [720p] [YTS] [YIFY]
443,Annabelle Comes Home (2019) [WEBRip] [720p] [YTS] [YIFY]
444,Justice League vs the Fatal Five (2019) [WEBRip] [720p] [YTS] [YI...
445,Sputnik (2020) [720p] [WEBRip] [YTS] [YIFY]
446,Apostle (2018) [WEBRip] [720p] [YTS] [YIFY]
447,Uncle Drew (2018) [WEBRip] [720p] [YTS] [YIFY]
448,Mandy (2018) [WEBRip] [720p] [YTS] [YIFY]
449,The Happytime Murders (2018) [BluRay] [720p] [YTS] [YIFY]
450,Dragonheart Vengeance (2020) [720p] [BluRay] [YTS] [YIFY]
451,Rocketman (2019) [WEBRip] [720p] [YTS] [YIFY]
452,Deadpool (2016) [720p] [YTS.AG] - YIFY
453,The Humanity Bureau (2017) [BluRay] [720p] [YTS] [YIFY]
454,Papillon (2017) [BluRay] [720p] [YTS] [YIFY]
455,In the Tall Grass (2019) [WEBRip] [720p] [YTS] [YIFY]
456,Green Book (2018) [BluRay] [720p] [YTS] [YIFY]
457,Charming (2018) [BluRay] [720p] [YTS] [YIFY]
458,Beirut (2018) [WEBRip] [720p] [YTS] [YIFY]
459,Time Freak (2018) [WEBRip] [720p] [YTS] [YIFY]
460,The King (2019) [WEBRip] [720p] [YTS] [YIFY]
461,Loving Pablo (2017) [WEBRip] [720p] [YTS] [YIFY]
462,Batman vs. Teenage Mutant Ninja Turtles (2019) [WEBRip] [720p] [Y...
463,Good Boys (2019) [WEBRip] [720p] [YTS] [YIFY]
464,Early Man (2018) [WEBRip] [720p] [YTS] [YIFY]
465,Last Christmas (2019) [720p] [WEBRip] [YTS] [YIFY]
466,The Strangers: Prey at Night (2018) [WEBRip] [720p] [YTS] [YIFY]
467,Mortal (2020) [720p] [WEBRip] [YTS] [YIFY]
468,The Bouncer (2018) [WEBRip] [720p] [YTS] [YIFY]
469,Lady Driver (2020) [720p] [WEBRip] [YTS] [YIFY]
470,Early Man (2018) [BluRay] [720p] [YTS] [YIFY]
471,The King of Staten Island (2020) [720p] [WEBRip] [YTS] [YIFY]
472,Bad Times at the El Royale (2018) [WEBRip] [720p] [YTS] [YIFY]
473,The Layover (2017) [BluRay] [720p] [YTS] [YIFY]
474,Descendants 3 (2019) [WEBRip] [720p] [YTS] [YIFY]
475,The Balkan Line (2019) [720p] [BluRay] [YTS] [YIFY]
476,Bombshell (2019) [720p] [WEBRip] [YTS] [YIFY]
477,Black Water (2018) [WEBRip] [720p] [YTS] [YIFY]
478,Black Mirror: Bandersnatch (2018) [BluRay] [720p] [YTS] [YIFY]
479,Black and Blue (2019) [BluRay] [720p] [YTS] [YIFY]
480,The Red Sea Diving Resort (2019) [WEBRip] [720p] [YTS] [YIFY]
481,Alita: Battle Angel (2019) [BluRay] [720p] [YTS] [YIFY]
482,Brightburn (2019) [WEBRip] [720p] [YTS] [YIFY]
483,Abominable (2019) [BluRay] [720p] [YTS] [YIFY]
484,Hunter Killer (2018) [BluRay] [720p] [YTS] [YIFY]
485,Can You Keep a Secret? (2019) [WEBRip] [720p] [YTS] [YIFY]
486,"Love, Simon (2018) [WEBRip] [720p] [YTS] [YIFY]"
487,Doctor Sleep (2019) [720p] [WEBRip] [YTS] [YIFY]
488,Running with the Devil (2019) [WEBRip] [720p] [YTS] [YIFY]
489,21 Bridges (2019) [720p] [BluRay] [YTS] [YIFY]
490,Furious (2017) [BluRay] [720p] [YTS] [YIFY]
491,Traffik (2018) [BluRay] [720p] [YTS] [YIFY]
492,Batman: Hush (2019) [WEBRip] [720p] [YTS] [YIFY]
493,Destination Wedding (2018) [WEBRip] [720p] [YTS] [YIFY]
494,Pet Sematary (2019) [WEBRip] [720p] [YTS] [YIFY]
495,Bad Boys for Life (2020) [720p] [BluRay] [YTS] [YIFY]
496,Maze Runner: The Death Cure (2018) [WEBRip] [720p] [YTS] [YIFY]
497,To All the Boys I've Loved Before (2018) [WEBRip] [720p] [YTS] [Y...
498,Christopher Robin (2018) [BluRay] [720p] [YTS] [YIFY]
499,The Commuter (2018) [BluRay] [720p] [YTS] [YIFY]
500,Ford v Ferrari (2019) [720p] [WEBRip] [YTS] [YIFY]
501,12 Strong (2018) [BluRay] [720p] [YTS] [YIFY]
502,Ad Astra (2019) [WEBRip] [720p] [YTS] [YIFY]
503,The Way Back (2020) [720p] [WEBRip] [YTS] [YIFY]
504,Escape Plan 2: Hades (2018) [BluRay] [720p] [YTS] [YIFY]
505,First Man (2018) [WEBRip] [720p] [YTS] [YIFY]
506,The Old Guard (2020) [720p] [WEBRip] [YTS] [YIFY]
507,Upgrade (2018) [WEBRip] [720p] [YTS] [YIFY]
508,Overlord (2018) [WEBRip] [720p] [YTS] [YIFY]
509,Us (2019) [WEBRip] [720p] [YTS] [YIFY]
510,Maleficent: Mistress of Evil (2019) [BluRay] [720p] [YTS] [YIFY]
511,Men in Black: International (2019) [WEBRip] [720p] [YTS] [YIFY]
512,Terminator: Dark Fate (2019) [WEBRip] [720p] [YTS] [YIFY]
513,Toy Story 4 (2019) [BluRay] [720p] [YTS] [YIFY]
514,Red Sparrow (2018) [BluRay] [720p] [YTS] [YIFY]
515,Shazam! (2019) [BluRay] [720p] [YTS] [YIFY]
